building_id,parcel_id,development_type_id,improvement_value,residential_units,residential_sqft,sqft_per_unit,non_residential_sqft,building_sqft,res_price_per_sqft,stories,year_built,sale_price,sale_year,building_type_id
1,742974,1,0,1,2029,2029.42425,0,2029.42425,302.7697507,1,1945,,,1
2,744961,1,0,1,2029,2029.42425,0,2029.42425,254.4292789,1,1965,,,1
3,1442641,1,53262.87,1,1568,1568,0,1568,183.4741663,1,1964,,,1
7,328712,1,0,1,1393,1393,0,0,0,1,2008,670250,2008,1
9,742661,1,116580,1,1018,1018,0,1018,474.3505343,1,1946,703000,2007,1
10,155,19,0,0,0,0,145231,145231,0,3,1997,,,0
11,716626,1,457526,1,3693,3693,0,3693,124.8244317,1,1998,95000,1996,1
12,742716,1,345454,1,2029,2029.42425,0,2029.42425,324.7160246,1,1992,,,1
13,742810,1,53636,1,2029,2029.42425,0,2029.42425,275.357742,1,1931,,,1
14,742814,1,87577,1,2029,2029.42425,0,2029.42425,305.4611798,1,1964,,,1
15,742822,1,95050,1,1106,1106,0,1106,448.0742613,1,1957,675000,2005,1
16,743438,1,9923,1,2029,2029.42425,0,2029.42425,325.1975099,1,1968,,,1
17,743440,1,194004,1,2029,2029.42425,0,2029.42425,325.9342553,1,1972,,,1
18,743444,1,166000,1,1354,1354,0,1354,411.5064009,1,1951,18500,2006,1
19,743453,1,0,1,2029,2029.42425,0,2029.42425,325.1975099,1,1968,,,1
20,743482,2,0,1,2029,2029.42425,0,2029.42425,342.4565206,1,1968,,,3
21,743655,2,182066,1,2029,2029.42425,0,2029.42425,341.2121108,1,1960,,,3
22,743967,1,101570,1,851,851,0,851,546.8725439,1,1953,315000,2012,1
23,743993,1,45934,1,2029,2029.42425,0,2029.42425,303.0678318,1,1947,,,1
24,744008,1,194339,1,2261,2261,0,2261,259.028036,1,1914,384000,1998,1
25,744029,1,109288,1,2029,2029.42425,0,2029.42425,275.493275,1,1932,,,1
26,744314,1,84213,1,2029,2029.42425,0,2029.42425,305.3109946,1,1963,,,1
27,744321,1,42116,1,2029,2029.42425,0,2029.42425,274.2771409,1,1923,,,1
28,744558,1,32500,1,993,993,0,993,437.9080323,1,1924,575000,2010,1
29,744559,1,0,1,2029,2029.42425,0,2029.42425,302.7697507,1,1945,,,1
30,744566,1,54776,1,2029,2029.42425,0,2029.42425,274.4117582,1,1924,,,1
31,744570,1,45722,1,2029,2029.42425,0,2029.42425,272.1278439,1,1907,,,1
32,744575,1,446877,1,3409,3409,0,3409,268.9639176,1,1994,280000,1990,1
33,744679,2,252324,2,2762,1381,0,2762,403.7313456,1,1958,330000,1991,3
34,744680,1,69644,1,2052,2052,0,2052,304.0314766,1,1966,800000,2008,1
35,744692,1,224372,1,1326,1326,0,1326,356.2906781,1,1931,286000,1990,1
36,744843,1,116457,1,2029,2029.42425,0,2029.42425,303.0678318,1,1947,,,1
37,744864,1,258794,1,2029,2029.42425,0,2029.42425,256.200407,1,1979,,,1
38,744865,1,157148,1,1406,1406,0,1406,317.8849821,1,1974,715000,2005,1
39,744883,1,50180,1,2029,2029.42425,0,2029.42425,304.2619874,1,1956,,,1
40,744895,1,217095,1,2029,2029.42425,0,2029.42425,309.2382467,1,1989,,,1
41,745007,1,180327,1,2029,2029.42425,0,2029.42425,305.7615503,1,1966,,,1
42,745014,1,62848,1,2029,2029.42425,0,2029.42425,305.7615503,1,1966,,,1
43,745019,1,0,1,2029,2029.42425,0,2029.42425,302.7697507,1,1945,,,1
44,746120,2,49676,2,4058,2029.42425,0,4058.848501,384.5782234,1,1913,,,3
45,746707,1,202478,1,1504,1504,0,1504,437.9092342,1,1928,1200000,2005,1
46,746849,1,541040,1,2029,2029.42425,0,2029.42425,367.7181301,1,1927,,,1
47,747968,1,0,1,2029,2029.42425,0,2029.42425,462.9766927,1,1948,,,1
48,748912,1,386168,1,3123,3123,0,3123,324.5618445,1,1918,551000,1998,1
49,749372,1,110443,1,2029,2029.42425,0,2029.42425,418.8695045,1,1923,,,1
50,749556,1,257281,1,2031,2031,0,2031,463.5661611,1,1951,460000,1995,1
51,749561,1,72983,1,2367,2367,0,2367,386.5971077,1,1909,1272000,2010,1
52,749575,1,286377,1,2247,2247,0,2247,396.3277142,1,1912,1250000,2009,1
53,749989,1,250772,1,2029,2029.42425,0,2029.42425,496.149161,1,1992,,,1
54,750307,2,29012,1,2029,2029.42425,0,2029.42425,151.26952,1,1963,,,3
55,750310,1,29012,1,2029,2029.42425,0,2029.42425,143.6457015,1,1963,,,1
56,750586,1,308493,2,3978,1989,0,3978,389.5527907,1,1951,844045,1990,1
57,751607,1,311235,1,1790,1790,0,1790,155.8674881,1,1990,590409,1989,1
58,751723,2,3149076,4,8117,2029.42425,0,8117.697002,152.3516213,1,1977,,,3
59,751727,1,288759,1,2029,2029.42425,0,2029.42425,152.9251294,1,1994,,,1
60,751774,-1,228588,0,0,0,1334,1334,0,1,1980,,,0
61,751779,-1,157794,0,0,0,990,990,0,1,1980,,,0
62,751864,1,327780,1,2029,2029.42425,0,2029.42425,153.2265598,1,1998,,,1
63,752248,1,126166,1,2029,2029.42425,0,2029.42425,346.7484086,1,1944,,,1
64,752254,1,156885,1,1420,1420,0,1420,428.4710144,1,1944,258000,1994,1
65,752676,1,149651,1,2029,2029.42425,0,2029.42425,346.2376055,1,1941,,,1
66,753021,1,104749,2,4058,2029.42425,0,4058.848501,348.5250501,1,1954,,,1
67,754120,1,39568,1,2400,2400,0,2400,291.0397053,1,1928,708000,2005,1
68,754135,1,144610,2,4058,2029.42425,0,4058.848501,349.4855982,1,1960,,,1
69,754337,2,97170,2,4058,2029.42425,0,4058.848501,367.0226736,1,1954,,,3
70,755501,1,805118,2,4058,2029.42425,0,4058.848501,395.7567753,1,1990,,,1
71,755509,1,38246,2,4058,2029.42425,0,4058.848501,350.3302997,1,1921,,,1
72,755557,1,62868,1,2029,2029.42425,0,2029.42425,388.6270084,1,1953,,,1
73,755639,1,64991,1,1795,1795,0,1795,370.8651111,1,1901,755000,2006,1
74,756130,1,270457,1,3159,3159,0,3159,292.2625924,1,1904,926150,2011,1
75,756134,1,56458,1,2029,2029.42425,0,2029.42425,388.2448964,1,1951,,,1
76,756142,2,283582,2,4058,2029.42425,0,4058.848501,407.2865106,1,1943,,,3
77,756504,7,133131,0,0,0,2021,2021,0,1,1980,,,10
78,756702,2,1178087,48,97412,2029.42425,0,97412.36402,308.5934072,1,1958,,,3
79,756918,1,274354,1,2029,2029.42425,0,2029.42425,313.3164923,1,1998,,,1
80,757065,1,57594,1,2029,2029.42425,0,2029.42425,293.141626,1,1959,,,1
81,757075,7,795855,0,0,0,8094,8094,0,1,1953,,,10
82,757600,2,0,1,2029,2029.42425,0,2029.42425,367.0226736,1,1954,,,3
83,757798,1,17215,1,2029,2029.42425,0,2029.42425,386.0259805,1,1954,,,1
84,758577,1,97994,1,2029,2029.42425,0,2029.42425,385.8741815,1,1953,,,1
85,758582,2,360175,2,4632,2316,0,4632,381.4706754,1,1954,555000,1993,3
86,759256,1,0,1,2029,2029.42425,0,2029.42425,419.9437122,1,1972,,,1
87,2370,1,160390,3,4497,1499,0,4497,140.6151479,2,2015,217000,2006,1
88,759818,1,80900,1,2029,2029.42425,0,2029.42425,417.9867661,1,1963,,,1
89,760210,1,33408,1,905,905,0,905,246.1718094,1,1962,120000,2008,1
90,760670,-1,25350,0,0,0,0,0,0,1,1973,,,0
91,760700,-1,0,0,0,0,44750,44750,0,1,1968,,,0
92,760687,13,485003,0,0,0,37722,37722,0,1,1963,,,8
93,761678,2,561000,3,6088,2029.42425,0,6088.272751,481.5554516,1,1912,925000,2004,3
94,762354,2,157472,1,1761,1761,0,1761,581.1373111,1,1957,1364500,2012,3
95,762755,1,209370,1,2029,2029.42425,0,2029.42425,507.7873777,1,1946,,,1
96,762784,2,0,2,4058,2029.42425,0,4058.848501,539.2835951,1,1963,,,3
97,763011,1,340000,1,2301,2301,0,2301,483.0526727,1,1968,1191000,2004,1
98,763272,1,432404,1,2333,2333,0,2333,480.5530142,1,1970,1050000,2001,1
99,763789,2,180528,1,1101,1101,0,1101,631.1682979,1,1974,530500,2011.5,3
100,763805,1,150726,1,1300,1300,0,1300,531.52048,1,1971,800000,2007,1
101,763808,1,278900,1,2029,2029.42425,0,2029.42425,406.0332629,1,1975,,,1
102,763818,1,71653,1,2029,2029.42425,0,2029.42425,406.0332629,1,1975,,,1
103,763903,1,119763,1,2029,2029.42425,0,2029.42425,406.0332629,1,1975,,,1
104,765019,2,0,1,2029,2029.42425,0,2029.42425,478.53912,1,1955,,,3
105,766126,2,0,1,2029,2029.42425,0,2029.42425,478.53912,1,1955,,,3
106,766231,2,131147,1,2029,2029.42425,0,2029.42425,479.5050402,1,1959,,,3
107,766549,1,166468,1,2029,2029.42425,0,2029.42425,453.9973372,1,1953,,,1
108,766886,2,333926,1,2557,2557,0,2557,341.9675034,1,1964,320000,1997,3
109,766909,1,132296,1,2029,2029.42425,0,2029.42425,360.9148034,1,1965,,,1
110,767328,1,278740,1,1989,1989,0,1989,363.6400802,1,1959,375000,1995,1
111,767772,1,247542,1,2029,2029.42425,0,2029.42425,664.4179707,1,1973,,,1
112,768012,1,248331,1,2029,2029.42425,0,2029.42425,742.8100418,1,1963,,,1
113,768029,1,852,1,2618,2618,0,2618,656.5041889,1,1944,1600000,2008,1
114,768608,1,378502,1,2962,2962,0,2962,640.5433106,1,1978,1855000,2009,1
115,768937,1,31446,1,1270,1270,0,1270,884.7280061,1,1913,925000,2012,1
116,768945,1,191178,2,3266,1633,0,3266,747.026286,1,1904,850000,2011,1
117,769918,1,0,1,2029,2029.42425,0,2029.42425,657.070894,1,1951,,,1
118,770033,1,413777,1,2376,2376,0,2376,619.4227922,1,1925,575000,1989,1
119,770899,1,69791,1,2029,2029.42425,0,2029.42425,596.2850876,1,1932,,,1
120,770929,1,238500,1,1293,1293,0,1293,864.8838442,1,1950,285000,1991,1
121,771352,1,114980,1,1555,1555,0,1555,693.1795723,1,1927,114000,1999,1
122,4203,13,145738,0,0,0,3092,3092,0,1,1947,635000,2013,8
123,773234,2,85023,1,1014,1014,0,1014,619.3346575,1,1947,550000,2010,3
124,773576,1,331612,1,2029,2029.42425,0,2029.42425,378.3421297,1,1968,,,1
125,773774,2,488348,1,3194,3194,0,3194,658.4465093,1,1949,890000,2003,3
126,774513,-1,51689,0,0,0,0,0,0,1,1963,,,0
127,774519,1,110000,1,2029,2029.42425,0,2029.42425,751.8689907,1,1967,,,1
128,774534,1,351900,1,1235,1235,0,0,0,1,1963,575000,2004,1
129,774995,1,87555,1,2164,2164,0,2164,372.6469281,1,1999,13500,2000,1
130,775350,1,141501,1,2762,2762,0,2762,661.2612638,1,1977,1550000,2013,1
131,775634,1,193614,1,2029,2029.42425,0,2029.42425,360.5601602,1,1963,,,1
132,776023,1,524408,1,2029,2029.42425,0,2029.42425,756.6945383,1,1980,,,1
133,776026,1,345024,1,3043,3043,0,3043,642.7860581,1,1980,1320000,2013,1
134,776123,1,951450,1,4722,4722,0,4722,653.2447881,1,1995,2580000,2011,1
135,777066,2,534062,1,2029,2029.42425,0,2029.42425,509.9357584,1,1987,,,3
136,777545,1,403351,1,2534,2534,0,2534,436.162937,1,1981,1450000,2011,1
137,777986,1,60249,1,984,984,0,984,845.3917053,1,1927,165000,1995,1
138,778194,1,89165,1,2029,2029.42425,0,2029.42425,585.9136341,1,1967,,,1
139,778206,1,65300,1,2029,2029.42425,0,2029.42425,585.7406868,1,1966,,,1
140,778223,1,0,1,2029,2029.42425,0,2029.42425,585.7406868,1,1966,,,1
141,778723,1,54519,1,848,848,0,848,1060.761705,1,1973,550000,2011,1
142,778727,1,139755,1,1609,1609,0,1609,672.4057308,1,1979,734500,2010,1
143,778748,1,143998,1,2029,2029.42425,0,2029.42425,586.202071,1,1968,,,1
144,779185,1,1200000,1,3980,3980,0,3980,508.4262769,1,2005,3725000,2006,1
145,779580,1,53760,1,2029,2029.42425,0,2029.42425,582.1765948,1,1954,,,1
146,779908,1,277388,1,2283,2283,0,2283,553.3349005,1,1967,422500,1996,1
147,780419,1,38005,1,980,980,0,980,617.3105071,1,1922,576000,2008,1
148,780804,1,230885,1,1844,1844,0,1844,451.275788,1,1972,349000,1992,1
149,780953,1,57294,1,2029,2029.42425,0,2029.42425,584.4737478,1,1962,,,1
150,780964,1,363867,1,2029,2029.42425,0,2029.42425,625.315726,1,2003,,,1
151,780993,1,325849,1,1749,1749,0,1749,675.5966622,1,1994,444000,1991,1
152,781022,1,373546,1,1801,1801,0,1801,664.2850373,1,1994,510000,1995,1
153,781024,1,424512,1,1480,1480,0,1480,752.0614065,1,2003,665000,1999,1
154,781253,1,87043,1,1616,1616,0,1616,487.1900597,1,1970,825000,2013,1
155,781409,1,0,1,2029,2029.42425,0,2029.42425,427.9057247,1,1969,,,1
157,782374,1,133246,1,1361,1361,0,1361,539.2479973,1,1951,227500,1996,1
158,782551,1,211964,1,1270,1270,0,1270,566.3048508,1,1954,500000,2010,1
159,782709,1,47481,1,2029,2029.42425,0,2029.42425,210.5916397,1,1970,,,1
160,782738,2,0,11,22323,2029.42425,0,22323.66675,234.9419681,1,1991,,,3
161,782742,1,35167,1,2029,2029.42425,0,2029.42425,210.3840134,1,1968,,,1
162,782756,1,154880,2,2184,1092,0,2184,312.9033792,1,1970,220000,1997,1
163,782798,1,164953,2,2496,1248,0,2496,283.7586117,1,1967,224000,1998,1
164,782980,2,44084,1,2029,2029.42425,0,2029.42425,565.5056265,1,1971,,,3
165,783173,1,170386,1,825,825,0,825,795.1720315,1,1983,214000,1992,1
166,783423,1,233588,1,1521,1521,0,1521,264.8276241,1,2000,701000,2005,1
167,5852,7,2085407,0,0,0,46071,46071,0,1,1981,,,10
168,5861,7,0,0,0,0,29935,29935,0,1,1988,,,10
169,783812,-1,182030,0,0,0,2854,1736,0,1,1962,,,0
170,783815,2,192856,1,2029,2029.42425,0,2029.42425,926.2263402,1,1958,,,3
171,783979,1,151276,1,1896,1896,0,1896,500.0918734,1,1979,500000,1996,1
172,783999,1,539456,1,5604,5604,0,5604,751.343304,1,1968,5975000,2008,1
173,784007,1,428956,1,2813,2813,0,2813,816.1044174,1,1993,780000,2012,1
174,784008,1,454297,1,2889,2889,0,2889,808.3860575,1,1991,975000,2001,1
175,784083,1,394495,1,3454,3454,0,3454,777.9792481,1,2002,2700000,2013,1
176,784090,1,180018,1,2029,2029.42425,0,2029.42425,882.1477974,1,1964,,,1
177,784173,2,1683268,17,34500,2029.42425,0,34500.21226,934.3322762,1,1976,,,3
178,784401,1,537504,1,5023,5023,0,5023,732.5764882,1,1976,3370000,2010,1
179,784879,1,203086,1,1496,1496,0,1496,939.5341316,1,1910,749000,1999,1
180,784886,1,352460,1,2350,2350,0,2350,732.6235883,1,1908,1800000,2013,1
181,785086,1,648606,1,1543,1543,0,1543,1029.497205,1,1957,1400000,2001,1
182,785236,2,0,1,2029,2029.42425,0,2029.42425,934.3322762,1,1976,,,3
183,785669,1,106400,1,2611,2611,0,2611,1046.550926,1,1950,1780000,2009,1
184,785671,1,244288,1,2029,2029.42425,0,2029.42425,1174.241422,1,1954,,,1
185,786055,1,516100,1,3139,3139,0,3139,990.3583479,1,1956,1070000,1995,1
186,786354,1,621367,1,3136,3136,0,3136,882.5162963,1,1900,1100000,1991,1
187,786469,1,77184,1,2029,2029.42425,0,2029.42425,1173.779905,1,1953,,,1
188,786499,1,2703000,1,4530,4530,0,4530,956.9745675,1,1957,5200000,2009,1
189,788239,2,49823,3,6088,2029.42425,0,6088.272751,564.6693366,1,1968,52500,2011,3
190,788518,2,0,2,4058,2029.42425,0,4058.848501,564.6693366,1,1968,,,3
191,6487,2,72689,2,1460,730,0,1460,215.3614936,1,1900,,,3
192,788880,1,359222,1,2029,2029.42425,0,2029.42425,536.7396664,1,1970,,,1
193,788882,1,364791,1,2029,2029.42425,0,2029.42425,539.393453,1,1980,,,1
194,789085,2,0,1,2029,2029.42425,0,2029.42425,564.6693366,1,1968,,,3
195,789198,2,0,1,2029,2029.42425,0,2029.42425,564.6693366,1,1968,,,3
196,789205,1,21420,1,2029,2029.42425,0,2029.42425,536.2108212,1,1968,,,1
197,789702,1,233931,1,2029,2029.42425,0,2029.42425,537.269518,1,1972,,,1
198,789915,1,185219,1,2029,2029.42425,0,2029.42425,401.8632775,1,1954,,,1
199,790442,1,235590,1,2029,2029.42425,0,2029.42425,402.2587734,1,1956,,,1
200,790895,1,420240,1,2943,2943,0,2943,346.0006772,1,1962,1055000,2002,1
201,791295,1,459000,1,2610,2610,0,2610,779.0295221,1,1968,1550000,2009,1
202,791563,1,140835,1,2029,2029.42425,0,2029.42425,877.836177,1,1981,,,1
203,791744,1,810757,1,3761,3761,0,3761,712.9635652,1,1972,1500000,1998,1
204,791745,1,516980,1,2029,2029.42425,0,2029.42425,872.6667514,1,1969,,,1
205,792509,1,1212422,1,2029,2029.42425,0,2029.42425,876.5023524,1,2003,,,1
206,792616,1,408993,1,2029,2029.42425,0,2029.42425,811.2600054,1,1942,,,1
207,792619,1,98927,1,2029,2029.42425,0,2029.42425,815.2575917,1,1952,,,1
208,792631,1,144520,1,2866,2866,0,2866,703.8447645,1,1949,1775000,2010,1
209,793395,1,184666,1,2029,2029.42425,0,2029.42425,868.809737,1,1960,,,1
210,793415,1,1645060,1,5609,5609,0,5609,735.8470063,1,1952,3650000,2011,1
211,793746,1,388006,1,2034,2034,0,2034,865.6693663,1,1955,805000,1994,1
212,793747,1,120414,1,2029,2029.42425,0,2029.42425,876.9726399,1,1979,,,1
213,793759,1,83097,1,2029,2029.42425,0,2029.42425,781.6331906,1,1924,,,1
214,793764,1,249702,1,2267,2267,0,2267,482.5189719,1,1952,1279000,2012,1
215,793876,1,578162,1,2029,2029.42425,0,2029.42425,872.2373423,1,1968,,,1
216,793895,1,398214,1,2029,2029.42425,0,2029.42425,869.6650163,1,1962,,,1
217,793896,1,446580,1,2029,2029.42425,0,2029.42425,870.9502945,1,1965,,,1
218,7281,1,19374,3,5931,1977,0,5931,121.7117696,2,1939,,,1
219,2020036,1,452000,1,3068,3068,0,3068,206.9395558,1,1972,,,1
220,7320,7,750000,0,0,0,11240,11240,0,1,1917,,,10
221,794024,-1,7003,0,0,0,0,0,0,1,1954,,,0
222,794303,1,0,1,480,480,0,480,1021.06947,1,1933,53500,2002,1
223,794552,1,207035,1,2151,2151,0,2151,379.0855371,1,1978,1175000,2007,1
224,794920,2,0,1,2029,2029.42425,0,2029.42425,410.5925753,1,1976,,,3
225,794924,1,113537,1,2029,2029.42425,0,2029.42425,412.6751259,1,1996,,,1
226,794934,1,0,1,3752,3752,0,0,0,1,1901,2000000,2008,1
227,794942,-1,135677,0,0,0,0,0,0,1,1954,,,0
228,795084,2,0,1,2029,2029.42425,0,2029.42425,410.5925753,1,1976,,,3
229,795558,1,56673,2,4058,2029.42425,0,4058.848501,349.0981859,1,1953,,,1
230,796090,1,0,1,2029,2029.42425,0,2029.42425,352.8894752,1,1975,,,1
231,7779,2,109200,3,3547,1182.5,0,3547.5,148.8451071,1,1910,175000,2010,3
232,796388,1,0,1,2029,2029.42425,0,2029.42425,352.8894752,1,1975,,,1
233,796499,1,0,1,2029,2029.42425,0,2029.42425,352.8894752,1,1975,,,1
234,796606,1,0,1,2029,2029.42425,0,2029.42425,352.8894752,1,1975,,,1
235,796611,1,0,1,2029,2029.42425,0,2029.42425,352.8894752,1,1975,,,1
236,796885,1,215664,2,3194,1597,0,3194,473.2185014,1,1997,91000,1989,1
237,797185,1,262393,2,2998,1499,0,2998,492.2567362,1,1996,400000,1995,1
238,797345,1,477984,2,5474,2737,0,5474,363.9018032,1,2005,308000,1997,1
239,8015,2,213500,2,2218,1109,0,2218,166.6318096,2,1912,,,3
240,797575,2,0,1,2029,2029.42425,0,2029.42425,410.5925753,1,1976,,,3
241,797859,1,233000,1,1808,1808,0,1808,278.7780013,1,1967,735000,2004,1
242,797860,1,173405,1,2029,2029.42425,0,2029.42425,261.9703724,1,1968,,,1
243,797890,1,72326,1,2029,2029.42425,0,2029.42425,262.0993318,1,1969,,,1
244,797960,1,213196,1,2029,2029.42425,0,2029.42425,262.0993318,1,1969,,,1
245,797986,1,77933,1,2029,2029.42425,0,2029.42425,262.4862102,1,1972,,,1
246,8116,10,3414464,0,0,0,39318,39318,0,5,1960,,,4
247,798777,1,110151,1,2029,2029.42425,0,2029.42425,263.1331567,1,1977,,,1
248,798034,1,330000,1,1702,1702,0,1702,289.309693,1,1971,805550,2005,1
249,798180,2,88552,1,2029,2029.42425,0,2029.42425,276.6468819,1,1980,,,3
250,798362,1,377400,1,2059,2059,0,2059,260.508908,1,1978,670000,2003,1
251,798444,1,64084,1,2029,2029.42425,0,2029.42425,261.8414129,1,1967,,,1
252,8173,24,0,4,6386,1596.5,0,6386,249.3464765,1,1991,447500,2009,16
253,798617,1,155686,1,1521,1521,0,1521,309.2862858,1,1966,462500,2010,1
254,798618,1,167169,1,2029,2029.42425,0,2029.42425,261.7124535,1,1966,,,1
255,799249,1,514560,1,3431,3431,0,3431,342.9346458,1,2007,799000,2001,1
256,799468,1,80680,1,1376,1376,0,0,0,1,1963,440000,2010,1
257,799469,1,131426,1,1592,1592,0,1592,330.4042091,1,1964,400000,2010,1
258,799627,-1,865057,0,0,0,11268,11268,0,1,1969,,,0
259,799673,1,49898,1,2029,2029.42425,0,2029.42425,287.997917,1,1966,,,1
260,799686,1,170611,1,1268,1268,0,1268,384.3334855,1,1966,440000,2011,1
261,799792,1,674220,1,4013,4013,0,4013,236.5019355,1,1989,1031000,2003,1
262,799804,1,306000,1,1715,1715,0,1715,316.0013789,1,1965,575000,2003,1
263,799995,1,153841,1,1221,1221,0,1221,396.2297123,1,1974,250000,2012,1
264,800028,1,250015,1,2029,2029.42425,0,2029.42425,290.9860458,1,1987,,,1
265,800189,1,132357,1,2029,2029.42425,0,2029.42425,263.781178,1,1982,,,1
266,800210,1,131511,1,2029,2029.42425,0,2029.42425,263.781178,1,1982,,,1
267,800225,1,145193,1,1548,1548,0,1548,308.2747813,1,1982,517000,2005,1
268,800227,1,319056,1,1548,1548,0,1548,308.2747813,1,1982,463000,2004,1
269,800232,1,97092,1,2029,2029.42425,0,2029.42425,263.781178,1,1982,,,1
270,800378,1,303012,2,6064,3032,0,6064,224.7384249,1,1987,359000,1997,1
271,800798,1,67709,1,2029,2029.42425,0,2029.42425,285.8823537,1,1951,,,1
272,800799,1,46598,1,2029,2029.42425,0,2029.42425,286.1636596,1,1953,,,1
273,800914,1,290866,1,2323,2323,0,2323,218.6831843,1,1912,524000,2010,1
274,800955,1,112859,1,1590,1590,0,1590,299.5960392,1,1958,404000,2011,1
275,800972,1,145571,3,3516,1172,0,3516,367.8521473,1,1958,222500,1991,1
276,801093,1,301872,1,2256,2256,0,2256,272.2642054,1,1957,731000,2010,1
277,801414,1,40005,1,2029,2029.42425,0,2029.42425,286.4449654,1,1955,,,1
278,801566,1,73862,1,2029,2029.42425,0,2029.42425,288.8485987,1,1972,,,1
279,801705,1,204600,1,2029,2029.42425,0,2029.42425,289.4167808,1,1976,,,1
280,801695,1,88402,1,2029,2029.42425,0,2029.42425,287.573372,1,1963,,,1
281,801699,1,140560,1,1416,1416,0,1416,356.3636382,1,1965,680000,2006,1
282,801751,1,247427,1,2886,2886,0,2886,248.3425996,1,1965,370000,1998,1
283,801781,1,199132,1,2029,2029.42425,0,2029.42425,289.9865545,1,1980,,,1
284,801873,1,290662,1,2252,2252,0,2252,276.1276028,1,1984,515000,2001,1
285,801879,1,92456,1,2029,2029.42425,0,2029.42425,286.7266692,1,1957,,,1
286,8930,2,1415730,22,20635,937.9545455,0,20635,176.5381861,4,1998,1600000,1999,3
287,802367,2,58033,1,2029,2029.42425,0,2029.42425,214.9554871,1,1967,,,3
288,802623,1,191760,1,1576,1576,0,1576,235.7695433,1,1966,530000,2003,1
289,8961,2,434000,2,2578,1289,0,2578,166.3943277,2,1934,620000,2004,3
290,802813,2,0,1,2029,2029.42425,0,2029.42425,215.6758545,1,1973,,,3
291,8959,1,301110,2,2234,1117,0,2234,180.1963508,1,1947,94000,2001,1
292,802875,7,1282123,0,0,0,38241,22735,0,1,1988,,,10
293,803039,1,152380,1,1612,1612,0,1612,231.2388316,1,1955,233000,1996,1
294,803279,1,230000,1,2412,2412,0,2412,187.6136036,1,1961,519000,2012,1
295,803297,-1,374921,0,0,0,24904,20010,0,1,1965,,,0
296,803390,2,198303,2,4058,2029.42425,0,4058.848501,214.6385413,1,1964,,,3
297,803969,2,135656,1,624,624,0,624,379.1306878,1,1990,163000,2012,3
298,803982,1,86743,1,624,624,0,624,360.0229766,1,1990,117000,1998,1
299,804204,1,59080,1,2029,2029.42425,0,2029.42425,260.812424,1,1959,,,1
300,804360,1,59352,1,2029,2029.42425,0,2029.42425,261.5840314,1,1965,,,1
301,804364,1,198409,1,2029,2029.42425,0,2029.42425,261.7124535,1,1966,,,1
302,804378,1,231039,1,1795,1795,0,1795,279.6512506,1,1965,454000,2011,1
303,804398,1,181606,1,2029,2029.42425,0,2029.42425,263.781178,1,1982,,,1
304,804425,1,95568,1,2029,2029.42425,0,2029.42425,259.9156185,1,1952,,,1
305,804636,-1,344634,0,0,0,0,0,0,1,1961,,,0
306,804570,1,76945,1,2029,2029.42425,0,2029.42425,263.1331567,1,1977,,,1
307,804572,1,333540,1,2782,2782,0,2782,242.652503,1,1993,767000,2004,1
308,804862,-1,163077,0,0,0,1613,1500,0,1,1962,,,0
309,805109,1,190822,1,2029,2029.42425,0,2029.42425,235.2214962,1,1928,,,1
310,9368,10,0,0,0,0,6325,5000,0,1,1924,,,4
311,9370,10,0,0,0,0,2435,1925,0,1,1906,,,4
312,805395,1,255000,1,1360,1360,0,1360,334.9955977,1,1979,236000,2009,1
313,805434,1,163000,2,1900,950,0,1900,436.5770311,1,1988,169000,1990,1
314,9474,7,24692,0,0,0,3807,3010,0,1,1933,,,10
315,806032,1,192198,1,2029,2029.42425,0,2029.42425,352.1559328,1,1979,,,1
316,806046,1,511237,1,5158,5158,0,5158,308.8408792,1,1994,1250000,1999,1
318,806710,1,311600,1,2029,2029.42425,0,2029.42425,259.2157785,1,1986,,,1
501,834516,1,275136,1,2029,2029.42425,0,2029.42425,417.7810134,1,1962,,,1
319,806830,1,558960,1,2872,2872,0,2872,305.3285823,1,1986,995000,2003,1
320,806848,1,324142,1,2936,2936,0,2936,234.636971,1,1998,399000,1994,1
321,807104,1,305724,1,2029,2029.42425,0,2029.42425,288.42286,1,1969,,,1
322,807326,1,391636,1,3250,3250,0,3250,172.0065172,1,1984,192608,1998,1
323,807224,1,400731,1,2970,2970,0,2970,249.1279509,1,1989,570000,1997,1
324,807935,1,423300,1,2584,2584,0,2584,183.9068651,1,1977,78500,2009,1
325,808004,1,78450,1,2029,2029.42425,0,2029.42425,183.7329555,1,1932,,,1
326,808074,1,93212,1,2029,2029.42425,0,2029.42425,287.7150196,1,1964,,,1
327,808176,1,252204,1,2029,2029.42425,0,2029.42425,291.1288871,1,1988,,,1
328,808271,1,78261,1,2212,2212,0,2212,276.5399118,1,1970,515000,2011,1
329,808273,1,70345,1,2029,2029.42425,0,2029.42425,288.5645076,1,1970,,,1
330,808325,1,268751,1,2596,2596,0,2596,258.5077048,1,1972,349000,1992,1
331,9956,1,485428,1,2422,2422,0,2422,252.269068,2,1920,1160000,2013,1
332,808658,1,140760,1,1524,1524,0,1524,311.6693161,1,1960,270000,2012,1
333,876804,1,81500,1,1274,1274,0,1274,232.7601266,1,1949,433000,2004,1
334,808738,1,146288,1,2029,2029.42425,0,2029.42425,264.3200339,1,1962,,,1
335,808752,1,147064,1,1608,1608,0,1608,301.6675172,1,1962,133500,2012,1
336,808840,1,74738,1,2029,2029.42425,0,2029.42425,263.8000601,1,1958,,,1
337,808975,1,208397,1,1495,1495,0,1495,316.6125644,1,1967,490000,2010,1
338,809209,1,118839,1,2029,2029.42425,0,2029.42425,265.1017429,1,1968,,,1
339,809501,1,289687,1,2589,2589,0,2589,239.7315416,1,1987,455000,1999,1
340,809683,1,65063,1,2029,2029.42425,0,2029.42425,264.4499025,1,1963,,,1
341,809703,1,57336,1,2029,2029.42425,0,2029.42425,264.4499025,1,1963,,,1
342,809796,1,66136,1,2029,2029.42425,0,2029.42425,264.0597973,1,1960,,,1
343,809921,1,202909,1,1506,1506,0,1506,314.5066304,1,1963,248000,1993,1
344,810197,1,203511,1,1788,1788,0,1788,285.0272914,1,1975,285000,1997,1
345,810305,1,61257,1,2029,2029.42425,0,2029.42425,144.9294051,1,1952,,,1
346,810318,1,51579,1,2029,2029.42425,0,2029.42425,144.9294051,1,1952,,,1
347,810319,1,124861,1,2029,2029.42425,0,2029.42425,144.9294051,1,1952,,,1
348,810523,1,138677,1,1376,1376,0,1376,185.3261695,1,1979,211000,1990,1
349,810550,1,158318,1,1627,1627,0,1627,166.3312522,1,1978,526000,2009,1
350,811166,1,150706,1,872,872,0,872,258.5285316,1,1973,145000,2012,1
352,811670,1,146997,1,2029,2029.42425,0,2029.42425,146.9381909,1,1980,,,1
353,811835,1,267750,1,1395,1395,0,1395,193.5833827,1,1990,350000,2010,1
354,811841,1,268009,1,1395,1395,0,1395,193.5833827,1,1990,430000,2003,1
355,812075,7,215012,0,0,0,3690,3432,0,1,1953,,,10
356,881091,24,109656,0,0,0,0,0,0,1,1940,,,16
357,812249,1,205391,1,1242,1242,0,1242,352.6212706,1,1956,410000,2001,1
358,812260,1,99668,1,2029,2029.42425,0,2029.42425,236.0334034,1,1935,,,1
359,812487,-1,0,0,0,0,538,500,0,1,1961,,,0
360,812490,2,0,1,2029,2029.42425,0,2029.42425,276.6760481,1,1974,,,3
361,812494,1,144656,1,2029,2029.42425,0,2029.42425,260.6840019,1,1958,,,1
362,812506,7,1080000,0,0,0,41777,24837,0,1,1978,,,10
363,812732,1,266754,1,2414,2414,0,2414,238.0495816,1,1979,245000,1997,1
364,10622,1,507906,1,1840,1840,0,1840,290.85575,2,1933,320000,1996,1
365,812628,1,167000,1,1635,1635,0,1635,290.5395889,1,1970,667000,2004,1
366,812826,1,299915,1,2194,2194,0,2194,253.6457233,1,1981,450000,2000,1
367,812933,2,10991000,207,420090,2029.42425,0,420090.8198,263.31571,1,1999,,,3
368,813144,13,180678,0,0,0,5671,5492,0,1,1965,,,8
369,813149,13,263968,0,0,0,36348,35200,0,1,1970,,,8
370,813150,13,122890,0,0,0,8002,7749,0,1,1970,,,8
371,813182,2,68239,1,1128,1128,0,1128,312.1351608,1,1975,1323136,2006,3
372,814028,2,180000,1,1396,1396,0,1396,330.5225789,1,2007,350000,2005,3
373,10933,2,65718,2,2802,1401,0,2802,559.1732694,2,1921,,,3
374,815307,13,477921,0,0,0,13428,13428,0,1,1975,,,8
375,815310,10,315863,0,0,0,6468,6468,0,1,1976,,,4
376,815491,1,253604,1,1596,1596,0,1596,405.5092297,1,1987,470000,1999,1
377,815707,1,81645,1,2029,2029.42425,0,2029.42425,232.3273313,1,1945,,,1
378,11019,1,408800,1,1337,1337,0,1337,513.6035728,1,1922,681500,2005,1
379,815909,1,482218,1,2029,2029.42425,0,2029.42425,250.4019765,1,2001,,,1
380,816085,1,263528,1,1428,1428,0,1428,308.2719904,1,2001,329000,1999,1
381,881053,1,54644,1,935,935,0,935,440.3358483,1,1941,115000,1989,1
382,11070,1,24700,1,1111,1111,0,1111,586.1962954,1,1924,,,1
383,11091,1,63718,1,2532,2532,0,2532,386.1350641,2,1928,,,1
384,816569,1,180275,1,2029,2029.42425,0,2029.42425,250.6486475,1,2003,,,1
385,816866,1,415260,1,1992,1992,0,1992,286.2452874,1,2008,880000,2005,1
386,816955,2,166110,1,2029,2029.42425,0,2029.42425,271.378395,1,1964,,,3
387,817009,1,259655,1,2090,2090,0,2090,253.8769345,1,1964,566500,2001,1
388,817089,1,93969,1,2029,2029.42425,0,2029.42425,259.3537401,1,1977,,,1
389,817223,1,94972,1,2029,2029.42425,0,2029.42425,257.8279064,1,1965,,,1
390,817219,1,123912,1,2029,2029.42425,0,2029.42425,258.3355435,1,1969,,,1
391,817243,1,245901,1,2029,2029.42425,0,2029.42425,257.7014145,1,1964,,,1
392,817285,1,80927,1,2029,2029.42425,0,2029.42425,258.3355435,1,1969,,,1
393,817532,1,248946,1,1356,1356,0,1356,327.4434935,1,1957,500000,2001,1
394,817550,1,149998,1,1287,1287,0,1287,339.3631591,1,1957,265000,1997,1
395,817567,1,174364,1,1434,1434,0,1434,315.2967987,1,1956,264500,1994,1
396,817591,1,271189,1,1434,1434,0,1434,315.2967987,1,1956,576000,2003,1
397,817613,1,291000,1,1341,1341,0,1341,329.7604872,1,1956,542000,2011,1
398,817703,1,264715,1,2029,2029.42425,0,2029.42425,259.2259958,1,1976,,,1
399,817772,1,102007,1,2029,2029.42425,0,2029.42425,257.8279064,1,1965,,,1
400,817873,1,258233,1,2300,2300,0,2300,243.0333945,1,1968,315000,1997,1
401,817877,1,220402,1,2029,2029.42425,0,2029.42425,258.2086342,1,1968,,,1
402,817881,1,286484,1,2640,2640,0,2640,229.747187,1,1969,537000,2000,1
403,817886,1,256230,1,2300,2300,0,2300,243.1527411,1,1969,355000,1995,1
404,818118,1,147878,1,2029,2029.42425,0,2029.42425,258.9713423,1,1974,,,1
405,818362,1,263506,1,1790,1790,0,1790,277.5735198,1,1976,118627,1992,1
406,818606,1,555128,1,2363,2363,0,2363,241.6776682,1,1981,1005128,2004,1
407,818625,1,592341,1,4384,4384,0,4384,211.8602866,1,1989,1160000,2010,1
408,11415,1,259745,1,5356,5356,0,5356,357.544572,2,1924,3450000,2013,1
409,818848,1,484508,1,3651,3651,0,3651,213.4550066,1,1988,319355,2001,1
410,818970,1,217260,1,2029,2029.42425,0,2029.42425,260.6315997,1,1987,,,1
411,819289,1,263895,1,1731,1731,0,1731,298.9443584,1,1991,415000,2002,1
412,819586,1,481561,1,2752,2752,0,2752,248.2861227,1,2007,790000,2010,1
413,819447,1,314470,1,2534,2534,0,2534,255.2185465,1,2001,176216,1997,1
414,819487,2,0,1,2029,2029.42425,0,2029.42425,272.8770935,1,1975,,,3
415,819758,1,125551,1,878,878,0,878,497.7915909,1,2008,230551,2004,1
416,819762,1,151517,1,1113,1113,0,1113,415.3445577,1,2008,254000,2012,1
418,11598,1,312892,1,4377,4377,0,4377,346.681225,2,1926,,,1
419,820041,2,53194,1,1385,1385,0,1385,375.20101,1,1960,240000,1998,3
420,820425,1,310000,1,1608,1608,0,1608,323.4996519,1,1959,770000,2012,1
421,820468,1,60234,1,2029,2029.42425,0,2029.42425,283.448898,1,1959,,,1
422,11680,1,26311,1,1417,1417,0,0,0,1,1924,479999,2011,1
423,820780,1,203319,1,2029,2029.42425,0,2029.42425,283.1704493,1,1957,,,1
424,820783,1,198131,1,2029,2029.42425,0,2029.42425,283.1704493,1,1957,,,1
425,821520,1,81340,1,2029,2029.42425,0,2029.42425,284.2859923,1,1965,,,1
426,821524,1,254235,1,1989,1989,0,1989,287.2784676,1,1965,174117,1996,1
427,821595,1,97350,1,2029,2029.42425,0,2029.42425,284.4258723,1,1966,,,1
428,11788,1,0,1,2318,2318,0,0,0,1,1962,790000,2003,1
429,821662,2,0,1,2029,2029.42425,0,2029.42425,299.8751812,1,1968,,,3
430,821665,1,115699,1,2029,2029.42425,0,2029.42425,284.5657523,1,1967,,,1
431,11801,1,563199,1,1909,1909,0,1909,413.146752,1,1926,630000,1998,1
432,821826,1,160659,1,2029,2029.42425,0,2029.42425,284.7056323,1,1968,,,1
433,822021,1,1,1,2029,2029.42425,0,2029.42425,284.7615843,1,1968,,,1
434,822051,1,199920,1,2029,2029.42425,0,2029.42425,285.4063437,1,1973,,,1
435,11839,1,407051,1,2988,2988,0,2988,364.7079991,2,1927,442000,2000,1
436,822541,2,167147,1,2029,2029.42425,0,2029.42425,326.5213289,1,1973,,,3
437,822579,2,0,1,2029,2029.42425,0,2029.42425,324.7141223,1,1962,,,3
438,822723,1,161148,1,2029,2029.42425,0,2029.42425,308.5457904,1,1963,,,1
439,11894,1,643300,1,2514,2514,0,2514,386.9091245,2,1926,1201000,2004,1
440,11897,1,518016,1,2759,2759,0,2759,374.8876145,2,1932,520000,1997,1
441,822809,1,183709,1,1512,1512,0,1512,366.3758352,1,1965,725000,2006,1
442,822811,1,136954,1,1728,1728,0,1728,337.54183,1,1965,699000,2007,1
443,822813,1,76503,1,2029,2029.42425,0,2029.42425,308.8490228,1,1965,,,1
444,822830,1,369800,1,2652,2652,0,2652,274.212124,1,1965,315000,1991,1
445,822991,1,287170,1,1966,1966,0,1966,314.3308143,1,1967,399000,1991,1
446,823080,1,141014,1,2029,2029.42425,0,2029.42425,308.8490228,1,1965,,,1
447,823082,1,239276,1,2029,2029.42425,0,2029.42425,308.8490228,1,1965,,,1
448,823165,1,83097,1,2029,2029.42425,0,2029.42425,309.000639,1,1966,,,1
449,823180,1,321300,1,1906,1906,0,1906,319.458563,1,1966,740000,2004,1
450,823192,1,341412,1,2029,2029.42425,0,2029.42425,309.1527427,1,1967,,,1
451,1495515,1,395945,1,1472,1472,0,1472,186.5400059,1,1957,739000,2004,1
452,823357,1,404273,1,2029,2029.42425,0,2029.42425,328.636643,1,1995,,,1
453,823366,1,423838,1,2948,2948,0,2948,282.1160002,1,1998,1450000,2005,1
454,11979,1,385543,1,2483,2483,0,2483,389.2338409,2,1928,350000,1988,1
455,823821,2,209194,2,4188,2094,0,4188,263.897772,1,1949,869000,2006,3
456,823504,1,217261,1,2854,2854,0,2854,269.6299428,1,1900,350000,2000,1
457,12022,1,126641,1,3273,3273,0,3273,356.2146917,2,1926,,,1
458,824095,2,68496,1,2029,2029.42425,0,2029.42425,269.5847073,1,1960,,,3
460,824641,1,0,1,2029,2029.42425,0,2029.42425,255.3565512,1,1955,,,1
461,824648,1,150888,1,1128,1128,0,1128,331.6880468,1,1909,183000,1995,1
462,824812,-1,86242,0,0,0,2675,2000,0,1,1952,,,0
463,824837,1,154754,1,2906,2906,0,2906,220.8210763,1,1964,1000000,2008,1
464,825030,1,113741,1,2029,2029.42425,0,2029.42425,258.1478052,1,1977,,,1
465,825379,1,0,1,2029,2029.42425,0,2029.42425,255.3565512,1,1955,,,1
466,825399,1,0,1,2029,2029.42425,0,2029.42425,255.3565512,1,1955,,,1
467,825422,1,0,1,2029,2029.42425,0,2029.42425,255.3565512,1,1955,,,1
468,825447,1,244170,1,2029,2029.42425,0,2029.42425,258.5286925,1,1980,,,1
469,825539,1,0,1,2029,2029.42425,0,2029.42425,255.3565512,1,1955,,,1
470,825789,1,355381,1,2029,2029.42425,0,2029.42425,254.0666456,1,1962,,,1
471,825716,1,56285,1,1891,1891,0,1891,335.935139,1,1957,58500,2002,1
472,825719,1,254356,1,2029,2029.42425,0,2029.42425,323.6966348,1,1958,,,1
473,825722,2,0,1,2029,2029.42425,0,2029.42425,342.4565206,1,1968,,,3
474,825822,2,0,1,2029,2029.42425,0,2029.42425,342.4565206,1,1968,,,3
475,12246,1,85230,1,1946,1946,0,1946,437.1077474,2,1929,,,1
476,826367,2,84851,1,2029,2029.42425,0,2029.42425,300.4321269,1,1966,,,3
477,826571,1,72326,1,2029,2029.42425,0,2029.42425,285.7121036,1,1969,,,1
478,826584,1,87937,1,1868,1868,0,1868,323.0139724,1,1966,835000,2014,1
479,826798,1,61328,1,2029,2029.42425,0,2029.42425,308.242558,1,1961,,,1
480,826811,1,201619,1,1526,1526,0,1526,363.5151083,1,1961,127686,1994,1
481,826812,1,312751,1,1526,1526,0,1526,363.5151083,1,1961,601000,2003,1
482,827191,1,235321,1,2237,2237,0,2237,271.9651928,1,1966,448800,1989,1
483,827200,1,267232,1,1839,1839,0,1839,300.6934006,1,1965,345000,1991,1
484,827203,1,219510,1,2029,2029.42425,0,2029.42425,285.1504038,1,1965,,,1
485,827332,1,77050,1,2029,2029.42425,0,2029.42425,284.869554,1,1963,,,1
486,827336,1,179241,1,2029,2029.42425,0,2029.42425,284.869554,1,1963,,,1
487,828416,1,357399,1,2457,2457,0,2457,372.0363729,1,1953,1175000,2012,1
488,828822,1,327587,1,2029,2029.42425,0,2029.42425,412.150954,1,1980,,,1
489,829214,2,112924,1,2029,2029.42425,0,2029.42425,428.892928,1,1956,,,3
490,829228,1,174432,1,1211,1211,0,1211,561.1825639,1,1955,297500,1991,1
491,830435,1,53413,1,2029,2029.42425,0,2029.42425,307.3357858,1,1955,,,1
492,830539,1,138228,1,2029,2029.42425,0,2029.42425,283.6102253,1,1954,,,1
493,830877,2,214127,1,2029,2029.42425,0,2029.42425,263.8349384,1,1975,,,3
494,831127,1,54079,1,2029,2029.42425,0,2029.42425,247.7183094,1,1952,,,1
495,831612,2,192956,2,4058,2029.42425,0,4058.848501,260.9939776,1,1953,,,3
496,832556,2,0,2,4058,2029.42425,0,4058.848501,263.3806346,1,1972,,,3
497,834008,1,64887,1,2029,2029.42425,0,2029.42425,416.755309,1,1957,,,1
498,834084,1,185793,1,2029,2029.42425,0,2029.42425,416.755309,1,1957,,,1
499,834274,1,210092,1,2029,2029.42425,0,2029.42425,418.8093948,1,1967,,,1
500,834278,1,253504,1,1963,1963,0,1963,426.1702859,1,1967,455000,1999,1
502,835076,1,240729,1,2029,2029.42425,0,2029.42425,423.3646389,1,1989,,,1
503,835652,1,0,1,2029,2029.42425,0,2029.42425,921.2054748,1,1966,,,1
504,835792,1,125970,1,2029,2029.42425,0,2029.42425,920.9783187,1,1966,,,1
505,836645,1,129397,1,600,600,0,600,1996.273569,1,1934,235000,1991,1
506,836820,1,72105,1,2029,2029.42425,0,2029.42425,818.0335617,1,1904,,,1
507,13827,1,265390,1,1675,1675,0,1675,283.6986241,2,1939,,,1
508,837220,1,397262,1,2464,2464,0,2464,897.6015791,1,2001,300000,1995,1
509,837235,1,87430,1,2029,2029.42425,0,2029.42425,911.0606549,1,1944,,,1
510,837542,1,41765,1,2029,2029.42425,0,2029.42425,910.6122815,1,1943,,,1
511,837869,1,1462070,1,3651,3651,0,3651,804.2035282,1,2001,6300000,2008,1
512,837884,1,49241,1,2029,2029.42425,0,2029.42425,255.9486019,1,1977,,,1
513,837976,-1,0,0,0,0,1903,1500,0,1,1944,22500,2010,0
514,2020868,1,272903,1,2835,2835,0,2835,213.5053558,1,1988,,,1
515,838115,1,86324,1,2029,2029.42425,0,2029.42425,563.6236494,1,1973,,,1
516,838372,1,283179,1,1718,1718,0,1718,469.5595124,1,1970,732500,2012,1
517,838760,2,0,1,2029,2029.42425,0,2029.42425,564.6693366,1,1968,,,3
518,892340,10,83758,0,0,0,7752,7752,0,2,1906,,,4
519,890220,2,123597,8,3600,450,0,3600,1900.991744,3,1931,,,3
520,225306,7,1306401,0,0,0,67037,67037,0,1,1961,,,10
521,225354,1,199500,1,1038,1038,0,1038,281.0013874,1,1956,,,1
522,225415,1,183400,1,992,992,0,992,290.9642181,1,1957,262000,2010,1
523,225517,1,36513,1,1068,1068,0,1068,275.4769027,1,1959,,,1
524,225533,1,35139,1,1146,1146,0,1146,261.9389151,1,1962,,,1
525,225563,1,153019,3,3744,1248,0,3744,245.6108837,1,1955,355000,2012,1
526,225570,1,164327,1,1256,1256,0,1256,244.5131283,1,1955,,,1
527,225573,1,245000,1,1284,1284,0,1284,240.7849612,1,1955,390000,2004,1
528,225964,1,182000,1,951,951,0,951,300.5518398,1,1957,377000,2003,1
529,226039,1,162526,1,1384,1384,0,1384,229.799265,1,1964,178500,1994,1
530,226040,1,36089,1,1204,1204,0,1204,253.0449433,1,1964,350000,2012,1
531,225989,1,181839,1,2016,2016,0,2016,182.6369177,1,1955,210000,1998,1
532,225992,1,28301,1,1056,1056,0,1056,277.8105191,1,1959,,,1
533,226082,1,245000,1,1329,1329,0,1329,236.0718734,1,1963,520000,2006,1
534,226256,2,117112,1,1242,1242,0,1242,247.1609566,1,1984,129000,1994,3
535,226259,2,157500,2,2484,1242,0,2484,247.1609566,1,1984,275000,2003,3
536,226294,2,115213,1,1242,1242,0,1242,263.8306391,2,1984,125000,1993,3
537,226391,7,1775156,0,0,0,9429,9429,0,1,1990,,,10
538,226504,2,192500,2,2952,1476,0,2952,216.5500787,2,1985,335000,2012,3
539,226505,2,150510,1,1622,1622,0,1622,204.0466481,2,1985,315000,2011,3
540,226521,2,210000,2,3244,1622,0,3244,204.0466481,2,1985,380000,2004,3
541,226628,1,199083,1,1196,1196,1196,1196,0,1,1971,239000,2000,1
542,227038,1,223300,1,1392,1392,1392,1392,0,1,1963,389900,2008,1
543,227437,1,81060,1,2170,2170,0,2170,171.3784284,2,1976,,,1
544,227528,1,178372,1,1553,1553,0,1553,193.0435092,1,1970,198000,1996,1
545,227679,2,191757,1,1840,1840,0,1840,191.7338719,2,1999,213000,1996,3
546,228051,1,375063,1,1838,1838,0,1838,255.4019691,1,1998,459000,2000,1
547,227927,1,408800,1,2240,2240,0,2240,245.8670478,2,1995,530000,2013,1
548,227947,1,399238,1,2240,2240,0,2240,245.8670478,2,1995,479000,2000,1
549,228023,1,408800,1,2239,2239,0,2239,246.0391906,2,1996,,,1
550,228056,1,399700,1,2239,2239,0,2239,246.1601633,2,1997,584000,2002,1
551,228202,1,51854,1,1750,1750,0,1750,247.3355992,1,1972,,,1
552,228335,2,149323,1,1337,1337,0,1337,305.469906,2,1988,155000,1991,3
553,228251,1,204282,1,1266,1266,0,1266,304.4404132,1,1971,205000,1990,1
554,228266,1,177403,1,1400,1400,0,1400,284.2492636,1,1971,430000,2010,1
555,228345,2,226800,1,1519,1519,0,1519,280.8077478,2,1988,455000,2006,3
556,228348,2,145663,1,1519,1519,0,1519,280.8077478,2,1988,146000,1989,3
557,228364,2,156318,1,1436,1436,0,1436,291.2115294,2,1988,165000,1998,3
558,228365,2,190800,1,1337,1337,0,1337,305.469906,2,1988,275000,2011,3
559,228429,1,193368,1,1048,1048,0,1048,349.6358385,1,1974,425000,2013,1
560,228646,1,137330,1,1427,1427,0,1427,281.0882664,1,1974,,,1
561,228653,1,71346,1,1783,1783,0,1783,253.0425324,2,1974,,,1
562,229017,2,514500,1,2834,2834,0,2834,267.8465104,2,2002,650000,2001,3
563,228679,1,291200,1,1452,1452,0,1452,278.0387559,1,1975,364500,2002,1
564,229041,1,275503,1,2424,2424,0,2424,260.8583768,1,2001,745000,2009,1
565,228743,1,296100,1,1427,1427,0,1427,281.226602,1,1975,639000,2007,1
566,229030,1,665000,1,3837,3837,0,3837,238.678716,2,2002,,,1
567,15377,1,37880,2,2518,1259,0,2518,330.1035674,1,1925,,,1
568,228755,1,275800,1,1343,1343,0,1343,292.8848736,1,1975,381000,2002,1
569,15395,2,296395,7,6611,944.5,0,6611.5,491.5781645,2,1963,,,3
570,15424,2,19582,5,5052,1010.5,0,5052.5,421.7384408,2,1935,,,3
571,980887,10,225262,0,0,0,28000,28000,0,4,1906,,,4
572,980888,10,106373,0,0,0,13840,13840,0,2,1911,,,4
573,980933,-1,0,0,0,0,9037,9037,0,1,1900,,,0
574,981712,10,338112,0,0,0,5400,5400,0,1,1906,,,4
575,981860,13,395962,0,0,0,5780,5780,0,2,1924,,,8
576,981884,10,527952,0,0,0,7513,7513,0,2,1957,,,4
577,983798,10,974087,0,0,0,12400,12400,0,2,1911,,,4
578,990156,-1,502662,0,0,0,6912,6912,0,1,1988,,,0
579,990158,-1,0,0,0,0,18000,18000,0,1,1978,,,0
580,990232,13,86641,0,0,0,11250,11250,0,1,1950,,,8
581,992002,-1,8257,0,0,0,6177,6177,0,2,1950,,,0
582,992080,13,269155,0,0,0,58613,58613,0,1,1900,,,8
583,998625,-1,281220,0,0,0,2919,2919,0,1,1971,,,0
584,998789,13,1170128,0,0,0,8200,8200,0,1,1951,,,8
585,1041825,5,0,16,24269,1516.833919,16112,40381.34271,4.643665739,1,2007,,,12
586,1041768,-1,0,0,0,0,1976,1750,0,1,1900,,,0
587,1041994,-1,0,0,0,0,7763,7763,0,1,1936,,,0
588,15689,7,45586,0,0,0,3835,3835,0,1,1948,,,10
589,15765,1,262547,1,1264,1264,0,1264,350.046869,1,1947,315000,2000,1
590,1199752,1,640265,1,1945,1945.370097,0,1945.370097,311.3661065,1,1980,,,1
591,15791,1,520450,1,1516,1516,0,1516,312.4304644,1,1964,749000,2009,1
592,15793,1,61124,1,1771,1771,0,1771,290.8966975,2,1944,,,1
593,15803,1,198167,1,1495,1495,0,1495,323.1112351,2,1947,215500,1994,1
594,1866143,1,214500,1,1062,1062,0,1062,205.3341201,1,1983,336000,2004,1
595,15804,1,44583,1,1518,1518,0,1518,291.6994077,2,1938,,,1
596,2020008,1,203584,1,1522,1522,0,1522,287.8463509,1,1968,490000,2010,1
597,2020041,1,211500,1,1306,1306,0,1306,318.9088955,1,1970,385000,2013,1
598,2020059,1,173344,1,1704,1704,0,1704,269.5759984,1,1976,,,1
599,2020065,1,138437,1,1496,1496,0,1496,292.1842095,1,1976,452500,2013,1
600,1214304,-1,404075,0,0,0,0,0,0,1,1942,,,0
601,1214305,-1,272280,0,0,0,0,0,0,1,1942,,,0
602,1214299,1,772855,1,3010,3010,0,3010,257.135811,1,1985,1400000,2004,1
603,15986,1,266887,1,1691,1691,0,1691,507.9829934,2,1943,287500,1997,1
604,2020073,1,389250,1,1968,1968,0,1968,248.9628368,1,1979,535000,2003,1
605,16026,1,22033,5,8250,1650,0,8250,282.0082755,1,1936,,,1
606,2020094,1,160118,1,2104,2104,0,2104,239.727414,1,1972,,,1
607,16089,1,420822,1,1598,1598,0,1598,299.0913446,2,1912,691000,2011,1
608,16090,2,301386,2,2710,1355,0,2710,350.5169917,2,1912,46000,1996,3
609,1217805,1,263033,1,1945,1945.370097,0,1945.370097,304.4922953,1,1957,,,1
610,1219427,-1,1217736,0,0,0,0,0,0,1,1942,,,0
611,2020095,1,127365,1,1901,1901,0,1901,252.9009659,1,1973,,,1
612,2020096,1,96714,1,1635,1635,0,1635,275.6846714,1,1971,,,1
613,2020108,1,146206,1,2010,2010,0,2010,245.4912457,1,1973,,,1
614,389704,1,417200,2,3686,1843,0,3686,270.7079017,2,2001,585000,2012,1
615,1233800,1,317421,1,1945,1945.370097,0,1945.370097,340.3167749,1,1986,,,1
616,2020119,1,150565,2,6954,3477,0,6954,201.4224674,1,1973,,,1
617,2020138,1,170316,1,1450,1450,0,1450,297.1366644,1,1969,215000,1998,1
618,2020164,1,121290,1,1675,1675,0,1675,271.0152685,1,1966,,,1
619,2020166,1,67584,1,1851,1851,0,1851,255.8950046,1,1967,,,1
620,2020169,1,94637,1,1203,1203,0,1203,337.1414944,1,1966,,,1
621,1866519,1,148525,1,2016,2016,0,2016,135.7627834,1,1982,,,1
622,1867136,1,92897,1,1496,1496,0,1496,160.5684117,1,1969,,,1
623,1867138,1,99740,1,1457,1457,0,1457,163.0178785,1,1965,139000,1996,1
624,1867302,1,286000,1,2138,2138,0,2138,130.4464487,1,1961,436000,2008,1
625,1867381,1,207750,1,1144,1144,0,1144,194.0976025,1,1980,485000,2005,1
626,1867448,1,306226,1,2544,2544,0,2544,122.4569454,1,1989,298000,1991,1
627,1867597,1,208500,1,1660,1660,0,1660,160.2801136,1,2001,335000,2008,1
628,1868454,10,321792,0,0,0,2959,2959,0,1,1945,,,4
629,1868919,1,1000000,1,2163,2163,0,2163,200.2540138,1,1921,1800000,2007,1
630,1868920,1,40543,1,1610,1610,0,1610,261.0268803,1,1949,820000,2013,1
631,1868922,1,195741,1,1105,1105,0,1105,305.7047934,1,1929,239000,2000,1
632,1868928,1,159228,1,1962,1962,0,1962,233.5450946,1,1954,105000,1997,1
633,1869193,1,69305,1,1910,1910,0,1910,329.1357849,1,1958,,,1
634,1869227,1,49607,1,1636,1636,0,1636,359.0478323,1,1952,,,1
635,1869356,1,308000,1,1494,1494,0,1494,277.81268,1,1980,585000,2006,1
636,1869358,1,254735,1,2601,2601,0,2601,207.7344738,1,1979,,,1
637,1869583,1,22067,1,1025,1025,0,1025,372.9899696,1,1956,,,1
638,1869587,7,1569526,0,0,0,3167,3167,0,1,2004,,,10
639,1869599,1,94383,1,1245,1245,0,1245,323.6368005,1,1956,,,1
640,2020179,1,259750,1,1447,1447,0,1447,297.1012632,1,1966,580000,2005,1
641,1869638,1,280831,1,1940,1940,0,1940,330.0864593,1,1981,285000,1990,1
642,1869639,1,168818,1,1873,1873,0,1873,335.8085904,1,1977,610000,2011,1
643,1869715,1,182869,1,2006,2006,0,2006,241.9417806,1,1965,225000,1994,1
644,1869726,1,130071,1,1977,1977,0,1977,326.3002549,1,1978,,,1
645,1869839,1,137554,1,1792,1792,0,1792,257.5996933,1,1967,71000,2007,1
646,1869921,1,264307,1,1266,1266,0,1266,323.0310112,1,1976,336000,2013,1
647,1869925,1,77320,1,1200,1200,0,1200,335.3055153,1,1975,,,1
648,1869926,1,42832,1,1230,1230,0,1230,329.4777249,1,1975,,,1
698,18288,1,224921,2,2714,1357,0,2714,498.2554622,2,1920,,,1
649,1870000,1,83072,1,1080,1080,0,1080,360.7965657,1,1968,225000,2013,1
650,1870043,1,104577,1,1362,1362,0,1362,307.6753513,1,1979,,,1
651,1870331,1,234030,2,2592,1296,0,2592,318.446693,1,1980,160000,2004,1
652,1870336,1,148792,1,1296,1296,0,1296,318.446693,1,1980,175000,1997,1
653,1870347,1,74747,1,1175,1175,0,1175,341.239786,1,1980,,,1
654,1870602,1,174352,1,1655,1655.200203,0,1655.200203,362.700794,1,1988,,,1
655,1870969,1,110806,1,1992,1992,0,1992,243.7864886,1,1973,,,1
656,1871321,1,447043,1,2091,2091,0,2091,253.0385809,1,2003,590000,2004,1
657,1871412,-1,0,0,0,0,0,0,0,1,1967,260000,2010,0
658,1871491,13,788679,0,0,0,19200,19200,0,1,1988,,,8
659,1871503,1,261275,1,1320,1320,0,1320,310.2189421,1,1936,588000,2006,1
660,1871509,1,65560,1,1233,1233,0,1233,320.516124,1,1906,,,1
661,1871514,1,25355,1,1123,1123,0,1123,342.9605645,1,1907,,,1
662,1871624,7,251096,0,0,0,1810,1810,0,1,1903,,,10
663,17391,1,224000,1,1660,1660,0,1660,248.1576144,2,1915,,,1
664,17390,2,315000,3,2217,739.3333333,0,2218,485.6573888,2,1911,515000,2004,3
665,2020188,1,302550,1,1777,1777,0,1777,261.7556095,1,1966,379000,2002,1
666,1872304,7,302519,0,0,0,8400,8400,0,1,1911,,,10
667,1872666,1,250711,1,1703,1703,0,1703,289.7011352,1,1950,316500,2000,1
668,1872667,1,119777,1,1364,1364,0,1364,334.2424267,1,1954,165000,1992,1
669,1872672,1,300825,1,1606,1606,0,1606,300.166844,1,1950,590000,2013,1
670,1873069,7,605853,0,0,0,8287,7936,0,1,1965,345000,2010,10
671,1872741,1,188700,1,1384,1384,0,1384,332.6212208,1,1964,285000,1999,1
672,1872789,1,232167,1,1325,1325,0,1325,341.2273025,1,1956,229000,1999,1
673,1872793,1,80896,1,834,834,0,834,482.1617824,1,1956,160000,1993,1
674,1872943,1,98141,2,3366,1683,0,3366,296.2310895,1,1981,,,1
675,1873174,1,228202,1,2628,2628,0,2628,237.9481551,1,1983,,,1
676,1874141,7,541758,0,0,0,1152,1152,0,1,1998,,,10
677,1874170,-1,6084,0,0,0,0,0,0,1,1953,,,0
678,1874536,2,236250,1,1785,1785,0,1785,206.1142999,1,1968,,,3
679,1874801,1,190225,1,1152,1152,0,1152,260.9996479,1,1970,438182,2003,1
680,1874735,1,117650,1,960,960,0,960,299.1689527,1,1970,164000,1991,1
681,1875030,1,171110,1,1972,1972,0,1972,185.5264803,1,1971,228000,1998,1
682,1875036,1,131925,1,1785,1785,0,1785,196.0148503,1,1971,186000,1994,1
683,1875106,1,133913,1,1600,1600,0,1600,209.4378734,1,1973,220000,1999,1
684,1875107,1,166745,1,1628,1628,0,1628,207.2160706,1,1973,322500,2000,1
685,1875661,1,7028,1,645,645,0,645,466.6805372,1,1915,,,1
686,1876047,1,162818,1,2264,2264,0,2264,197.1260806,1,1930,,,1
687,1876400,1,176525,1,2248,2248,0,2248,217.9958618,1,1949,325000,1999,1
688,1876571,1,96529,2,3564,1782,0,3564,213.3039808,1,1957,,,1
689,1876769,10,128003,0,0,0,2356,2356,0,1,1910,,,4
690,1877118,1,35212,1,1144,1144,0,1144,286.1129526,1,1963,220600,2012,1
691,1877125,1,209750,1,1186,1186,0,1186,278.7617423,1,1963,275000,2011,1
692,1877817,1,155030,1,1448,1448,0,1448,285.2963118,1,1990,230000,1995,1
693,1877904,1,357500,2,5474,2737,0,5474,273.0806899,1,2007,145500,2000,1
694,18281,7,125842,0,0,0,25901,23800,0,1,1956,,,10
695,18282,2,28638,4,3492,873,0,3492,706.3981397,1,1929,,,3
696,18285,2,37229,4,3668,917,0,3668,724.3711646,2,1926,,,3
697,18286,1,221037,1,1235,1235,0,1235,529.935524,2,1913,,,1
699,1878230,1,217281,1,1007,1007,0,1007,362.2145622,1,1889,397000,2003,1
700,1878234,1,164405,1,1112,1112,0,1112,335.5184431,1,1884,322500,2001,1
701,1878509,-1,0,0,0,0,9440,9440,0,1,1953,,,0
702,1878685,1,100631,1,1216,1216,0,1216,238.2263365,1,1952,285000,2012,1
703,1878898,1,82682,1,1025,1025,0,1025,270.4200665,1,1955,65000,1998,1
704,1878992,1,35590,2,3072,1536,0,3072,233.4217508,1,1958,,,1
705,1879467,1,38604,2,1916,958,0,1916,285.4424898,1,1960,,,1
866,1934956,-1,321157,0,0,0,0,0,0,1,1985,,,0
706,1879910,1,125000,1,960,960,0,960,298.1428795,1,1963,281000,2012,1
707,1880038,1,62438,1,960,960,0,960,298.5818471,1,1966,,,1
708,1880211,1,38449,1,1232,1232,0,1232,249.3321956,1,1964,,,1
709,1880357,13,82804,0,0,0,14896,14896,0,1,1985,,,8
710,1880667,1,96265,1,916,916,0,916,489.2388941,1,1947,180000,1991,1
711,1880719,1,76873,1,1335,1335,0,1335,335.9222696,1,1924,162000,1998,1
712,1880720,1,45772,1,943,943,0,943,431.8080323,1,1918,515000,2013,1
713,1880725,1,84143,1,972,972,0,972,422.2495228,1,1920,385000,2013,1
714,1881236,1,18274,1,1036,1036,0,1036,359.6393169,1,1918,,,1
715,1881642,1,311500,1,2047,2047,0,2047,262.0017067,1,1989,845000,2005,1
716,1882861,1,152250,1,1482,1482,0,1482,340.1525704,1,1972,420500,2011,1
717,1883058,1,202000,3,3000,1000,0,3000,409.6487198,1,1949,460000,2006,1
718,1883092,1,328053,2,5760,2880,0,5760,226.3027615,1,1981,369000,1996,1
719,1883610,1,347784,1,2510,2510,0,2510,272.6092711,1,1998,735000,2003,1
720,1883654,1,128250,2,2464,1232,0,2464,357.1407758,1,1982,445000,2004,1
721,1883742,1,178265,2,2440,1220,0,2440,359.9729218,1,1984,329000,2010,1
722,1883769,1,162800,1,1232,1232,0,1232,357.6641223,1,1985,276500,2000,1
723,19097,1,558672,1,1906,1906,0,1906,401.7811105,1,1916,800000,2009,1
724,1884505,1,154500,1,2074,2074,0,2074,190.9074939,1,1948,350000,2001,1
725,1884512,1,231309,1,1680,1680,0,1680,214.7356701,1,1950,275000,1998,1
726,1884532,1,190061,1,2262,2262,0,2262,182.9851789,1,1947,,,1
727,1884546,1,266500,1,1261,1261,0,1261,258.4773777,1,1947,400000,2013,1
728,1884790,1,159951,1,1689,1689,0,1689,194.7681066,1,1937,189000,1998,1
729,1884958,1,112835,1,1863,1863,0,1863,155.7002931,1,1916,156000,1997,1
730,1885628,1,39028,1,1041,1041,0,1041,298.2532977,1,1955,,,1
731,1885632,1,52239,1,1551,1551,0,1551,226.2081313,1,1956,,,1
732,1889117,1,70689,1,1555,1555,0,1555,225.2878759,1,1951,,,1
734,1889727,1,185328,1,1762,1762,0,1762,208.7891736,1,1950,158000,1996,1
735,1889894,1,275556,1,1508,1508,0,1508,241.7992693,1,1954,428500,2013,1
736,1890369,1,74632,1,2277,2277,0,2277,194.3036272,1,1974,,,1
737,1890375,1,271250,1,1453,1453,0,1453,247.9225859,1,1956,340000,2012,1
738,1891325,1,88543,1,1603,1603,0,1603,221.0606911,1,1951,,,1
739,1892512,1,233101,1,1970,1970,0,1970,190.4793849,1,1960,310000,1999,1
740,1892868,1,165936,1,2168,2168,0,2168,145.6726505,1,1988,,,1
741,1893199,1,288250,1,1406,1406,0,1406,185.4333738,1,1968,494000,2004,1
742,1893209,1,130192,1,1360,1360,0,1360,189.2396782,1,1964,175000,1997,1
743,1893240,1,65695,1,1702,1702,0,1702,164.6419102,1,1971,,,1
744,1893251,1,143401,1,2665,2665,0,2665,132.1927216,1,1969,650000,2013,1
745,1893259,1,320750,1,1668,1668,0,1668,166.8037127,1,1973,550000,2004,1
746,2020189,1,124042,2,2938,1469,0,2938,294.3374139,1,1967,310000,2010,1
747,1894778,-1,585443,0,0,0,8281,8281,0,1,1985,,,0
748,1895183,1,121140,1,1301,1301,0,1301,292.8387642,1,1969,421000,2012,1
749,1895518,1,128952,1,1352,1352,0,1352,285.2433016,1,1969,325000,2010,1
750,2020192,1,133030,1,1408,1408,0,1408,302.3527423,1,1965,,,1
751,1895558,1,361250,1,1805,1805,0,1805,238.2885783,1,1971,480000,2002,1
752,1895808,1,254823,1,1750,1750,0,1750,242.6912806,1,1972,475000,2007,1
753,1896715,1,578875,1,2478,2478,0,2478,204.6229978,1,1979,638000,2002,1
754,1896727,1,186482,1,1686,1686,0,1686,248.8168941,1,1978,,,1
755,1896732,1,519550,1,2468,2468,0,2468,205.1634711,1,1981,619000,2001,1
756,1896869,1,189587,1,2133,2133,0,2133,219.1423304,1,1981,,,1
757,1897112,1,203485,1,2080,2080,0,2080,222.3375746,1,1985,,,1
758,1897770,1,489360,1,2350,2350,0,2350,221.0488959,1,1994,539000,2012,1
759,1899116,1,175861,2,3828,1914,0,3828,227.2710843,1,1987,206000,1989,1
760,1899208,1,287875,1,1548,1548,0,1548,227.2458665,1,1990,577500,2007,1
761,1899229,1,234690,1,1979,1979,0,1979,187.8100746,1,1989,350000,2000,1
762,1900825,1,138354,1,2311,2311,0,2311,236.1153577,1,1941,,,1
763,1901384,1,63784,3,5316,1772,0,5316,272.0922264,1,1951,,,1
764,1901673,1,205495,1,1600,1600,0,1600,292.794325,1,1976,285000,1993,1
765,1901681,1,165312,1,1425,1425,0,1425,313.4487079,1,1964,185000,1989,1
766,21157,1,12346,1,1239,1239,0,1239,299.1925632,1,1910,,,1
767,892994,19,1304318,0,0,0,14709,14709,0,1,1983,,,0
768,1901864,1,106126,3,4422,1474,0,4422,308.2547449,1,1975,372000,2001,1
769,1902102,1,388500,1,2202,2202,0,2202,245.74617,1,1977,925500,2005,1
770,1902112,1,300774,1,2604,2604,0,2604,229.5250738,1,1984,457000,1999,1
771,1903186,1,106777,1,1180,1180,0,1180,356.2116474,1,1928,207500,1990,1
772,1903368,1,116021,1,1960,1960,0,1960,288.9924307,1,1977,,,1
773,1903448,1,84801,1,2313,2313,0,2313,266.5479637,1,1978,,,1
774,1903693,1,265023,1,2083,2083,0,2083,281.4103703,1,1987,343000,1991,1
775,1903762,1,333001,1,2505,2505,0,2505,272.5594777,1,1996,449000,1999,1
776,1903763,1,298051,1,2737,2737,0,2737,263.5309803,1,1995,665000,2003,1
777,1903766,1,204837,1,2351,2351,0,2351,279.7937816,1,1995,290500,1994,1
778,229120,1,591972,1,3491,3491,0,3491,291.8554228,2,2003,875000,2010,1
779,1903807,1,416750,1,2274,2274,0,2274,283.9998117,1,1995,730000,2008,1
780,1905337,-1,743182,0,0,0,1369,1359,0,1,1920,,,0
781,1905349,1,18498,1,1284,1284,0,1284,406.2113007,1,1968,,,1
782,1905886,1,121069,1,1527,1527,0,1527,364.2168118,1,1981,,,1
783,1905485,1,480500,1,1878,1878,0,1878,263.1847008,1,1950,1150000,2013,1
784,21753,1,40256,2,2005,1002.5,0,2005,518.9135927,1,1911,,,1
785,1905579,1,266589,1,2825,2825,0,2825,222.4828832,1,1979,325000,1996,1
786,1905571,1,196387,1,2202,2202,0,2202,245.9873361,1,1979,262000,1990,1
787,1905596,1,178366,1,2202,2202,0,2202,245.9873361,1,1979,,,1
788,1906186,1,312018,2,4636,2318,0,4636,186.6278765,1,1967,388000,1997,1
789,2020200,1,87052,1,1384,1384,0,1384,306.2895951,1,1968,,,1
790,2020201,1,196935,1,1792,1792,0,1792,261.0081344,1,1970,265000,1999,1
791,2020218,7,1113500,0,0,0,100305,81385,0,1,1965,,,10
792,2020220,1,101614,1,1772,1772,0,1772,262.3100571,1,1967,120000,2011,1
793,2020222,1,182613,1,1523,1523,0,1523,287.7255499,1,1968,250000,1999,1
794,2020228,1,57487,1,1466,1466,0,1466,294.5834856,1,1966,427000,2013,1
795,1907235,1,642963,2,6572,3286,0,6572,217.0011019,1,2006,1525000,2010,1
796,2020231,1,203500,1,1378,1378,0,1378,307.1830622,1,1968,365000,2008,1
797,1907291,1,55405,2,1856,928,0,1856,370.034229,1,1940,,,1
798,1907688,1,178820,1,2195,2195,0,2195,233.5681386,1,1961,,,1
799,1907852,1,193229,1,1761,1761,0,1761,245.9318014,1,1980,,,1
800,1908009,1,173764,1,1944,1944,0,1944,251.3373365,1,1985,,,1
801,1908016,1,285302,1,2490,2490,0,2490,197.0996124,1,1908,550000,2005,1
802,22232,10,0,0,0,0,11848,8963,0,1,2011,995000,2011,4
803,1908095,-1,422127,0,0,0,2551,2070,0,1,1994,,,0
804,1908145,1,916022,1,4423,4423,0,4423,193.7768046,1,2006,,,1
805,1908155,1,483009,1,3803,3803,0,3803,183.9227564,1,1990,,,1
806,1908494,1,205372,1,2509,2509,0,2509,215.0495325,1,1994,695000,2009,1
807,1908503,1,142592,1,1452,1452,0,1452,269.8853983,1,1953,220000,1997,1
808,1908712,1,323000,1,1737,1737,0,1737,263.6777313,1,1954,690000,2007,1
809,1909010,7,364732,0,0,0,5612,4622,0,1,1957,,,10
810,1909307,1,343744,1,3282,3282,0,3282,187.1824954,1,1979,674500,2010,1
811,1909351,1,734670,1,3905,3905,0,3905,183.1729923,1,1986,650000,2012,1
812,1909601,1,483250,2,6116,3058,0,6116,85.69835167,1,2004,841000,2013,1
813,1909618,1,274750,1,1290,1290,0,1290,133.1445216,1,2003,,,1
814,1909720,1,473914,1,2736,2736,0,2736,211.114286,1,1996,635000,2012,1
815,1909956,1,241150,1,1618,1618,0,1618,191.1941632,1,1988,291000,2009,1
816,1910264,1,246447,1,1680,1680,0,1680,210.1683466,1,1960,,,1
817,1910512,1,69270,1,1655,1655,7151,4473,178.3255362,1,1953,,,1
818,1910750,1,57579,1,1816,1816,0,1816,170.7170491,1,1975,,,1
819,1910952,1,90952,1,1816,1816,0,1816,170.8006391,1,1976,,,1
820,22880,2,314253,4,3600,900,0,3600,417.2142007,2,1924,450000,2008,3
821,1911584,1,100058,1,1234,1234,0,1234,228.6208596,1,1987,406000,2004,1
822,1913010,1,173468,1,2048,2048,0,2048,200.4890973,1,1992,220000,1994,1
823,1913028,1,269594,1,1882,1882,0,1882,209.5941689,1,1991,340000,2002,1
824,1913657,1,267050,1,1870,1870,0,1870,211.1636571,1,1999,545000,2006,1
825,1914674,13,0,0,0,0,17694,17694,0,1,1987,,,8
1033,1974845,1,64860,1,804,804,0,804,281.3503324,1,1978,,,1
826,1915703,1,115772,2,2532,1266,0,2532,252.0167483,1,1981,172000,1999,1
827,1915996,1,175092,1,1800,1800,0,1800,164.9668711,1,1983,227000,1999,1
828,1916001,1,168589,1,1452,1452,0,1452,188.2028491,1,1983,193000,1990,1
829,23609,13,0,0,0,0,22000,22000,0,1,1972,,,8
830,1917975,1,350000,1,2262,2262,0,2262,96.29465131,1,2002,367000,2013,1
831,23880,14,232939,0,0,0,2500,2500,0,1,1953,,,7
832,1918963,1,68544,1,1782,1782,0,1782,164.0543663,1,1960,,,1
833,1919870,1,127921,1,1699,1699,0,1699,153.7505157,1,1984,,,1
834,23975,10,959047,0,0,2976,3576,3576,0,1,1908,325000,2013,4
836,1920529,1,149900,1,1060,1060,0,1060,235.0043073,1,1985,250000,2008,1
837,1920733,1,146853,1,842,842,0,842,280.9847708,1,1986,202000,2000,1
838,1920736,1,184800,2,2120,1060,0,2120,235.1202401,1,1986,238000,2009,1
839,1920760,1,99085,1,1088,1088,0,1088,230.6051231,1,1986,,,1
840,1922049,1,148048,1,1490,1490,0,1490,145.9640575,1,2001,,,1
841,1922331,1,161750,1,1062,1062,0,1062,178.0008723,1,1971,195000,2012,1
842,1922935,7,192191,0,0,0,2185,2185,0,1,1976,,,10
843,1923980,1,458193,1,2505,2505,0,2505,265.3370197,1,1960,569000,2009,1
844,229780,1,44546,1,1120,1120,0,1120,315.01823,1,1961,,,1
845,1926219,1,128000,1,1302,1302,0,1302,152.9963271,1,1961,260000,2009,1
846,1926894,7,553930,0,0,0,2530,2530,0,1,1998,,,10
847,230054,1,117152,1,1448,1448,0,1448,323.5061672,1,1961,68500,1991,1
848,2020240,1,63587,1,1631,1631,0,1631,275.9612654,1,1970,,,1
849,25145,7,34787,0,0,0,990,990,0,1,1934,,,10
850,230178,1,277430,1,1328,1328,0,1328,279.4764051,1,1963,385000,2010,1
851,1930565,1,43207,1,1344,1344,0,1344,216.7315938,1,1971,,,1
852,1930595,1,550000,1,2675,2675,0,2675,223.6273025,1,2005,1287000,2006,1
853,1930570,1,61582,1,1344,1344,0,1344,216.7315938,1,1971,,,1
854,230435,1,107172,1,1200,1200,0,1200,299.8323042,1,1962,310000,2010,1
855,230444,1,270200,1,1484,1484,0,1484,259.7135639,1,1964,,,1
856,230456,1,266000,1,1484,1484,0,1484,259.7135639,1,1964,520000,2013,1
857,1930834,1,119057,2,3774,1887,0,3774,245.1488956,1,1961,,,1
948,1961046,1,286624,1,1707,1707,0,1707,310.4823511,1,1997,,,1
858,1931330,1,230125,1,1627,1627,0,1627,193.1509312,1,1988,639000,2006,1
859,1932352,1,38656,1,1120,1120,0,1120,342.0768616,1,1950,,,1
860,1932421,1,114811,1,1918,1918,0,1918,222.6004316,1,1947,,,1
861,1932797,1,701760,1,3097,3097,0,3097,156.9227925,1,2007,30000,2000,1
862,893502,5,351037,0,0,0,3040,3040,0,3,1912,,,12
863,1933304,1,167107,1,1821,1821,0,1821,130.4366993,1,1989,190000,1989,1
864,1933313,1,268429,1,1973,1973,0,1973,124.8363264,1,1989,315000,1999,1
865,1934955,-1,78867,0,0,0,0,0,0,1,1985,,,0
867,1935007,1,711750,1,3921,3921,0,3921,241.686988,1,2006,1700000,2012,1
868,1935451,1,117192,1,2784,2784,0,2784,216.4245387,1,1974,,,1
869,1935452,1,314779,1,3320,3320,0,3320,205.6475734,1,1968,,,1
870,1935645,1,255791,1,2218,2218,0,2218,151.5340047,1,1994,,,1
871,230704,1,364507,1,3020,3020,0,3020,184.142649,1,1964,455000,2001,1
872,230707,1,155700,1,1760,1760,0,1760,233.898934,1,1964,,,1
873,230723,1,219737,1,1794,1794,0,1794,303.3163759,2,1965,225000,1997,1
874,230764,1,76428,1,1536,1536,0,1536,312.3656041,1,1967,,,1
875,1935793,1,185000,1,1891,1891,0,1891,154.4165592,1,1963,275000,1999,1
876,1936185,1,133774,1,1456,1456,0,1456,307.301418,1,1964,490500,2009,1
877,1936207,1,133540,1,1796,1796,0,1796,265.3913155,1,1977,,,1
878,1936602,1,65140,1,1660,1660,0,1660,211.4805538,1,1975,340000,2012,1
879,1937027,1,249250,1,1629,1629,0,1629,282.2711234,1,1985,600000,2005,1
880,1937041,1,185574,1,2121,2121,0,2121,243.0921211,1,1979,,,1
881,1937187,1,276000,2,4224,2112,0,4224,147.0429071,1,1981,670000,2006,1
882,1937200,1,136757,1,1949,1949,0,1949,153.2598154,1,1981,510000,2013,1
883,1937497,1,254392,1,2334,2334,0,2334,233.2303245,1,1986,,,1
884,1938333,1,70978,1,1250,1250,0,1250,340.1001254,1,1960,,,1
885,1939340,1,205375,1,1683,1683,0,1683,220.7517583,1,1968,160000,1992,1
886,26810,2,102017,2,1596,798,0,1596,223.5936067,1,1928,120000,1999,3
887,1940970,1,529957,1,2488,2488,0,2488,283.4892948,1,1984,755000,2010,1
888,26993,2,52325,2,1598,799,0,1598,272.7795912,1,1913,,,3
889,1941380,1,354521,1,5003,5003,0,5003,209.5740165,1,1974,249000,1993,1
890,893879,2,191778,20,18000,900,0,18000,553.527275,3,1958,,,3
891,1942997,-1,599605,0,0,0,1607,1607,0,1,1978,,,0
892,1943066,1,542976,1,4403,4403,0,4403,201.2048084,1,1972,815000,2000,1
893,1943162,1,94070,1,1884,1884,0,1884,258.111679,1,1975,,,1
894,1944181,1,340206,1,904,904,0,904,337.2021486,1,1960,449000,2004,1
895,1945040,1,256262,1,1049,1049,0,1049,299.644973,1,1952,,,1
896,1945154,1,18306,1,888,888,0,888,341.2978828,1,1956,,,1
897,1945793,1,271484,1,1957,1957,0,1957,213.425311,1,1993,373000,1998,1
898,1946033,-1,29472,0,0,0,4737,3852,0,1,1928,,,0
899,1946311,1,37814,2,1972,986,0,1972,307.476778,1,1987,,,1
900,1946921,1,176338,1,1712,1712,0,1712,249.5010581,1,1966,225000,1994,1
901,1946888,1,121568,2,3240,1620,0,3240,258.4506193,1,1970,,,1
902,1948028,13,393651,0,0,0,7264,7264,0,1,1988,,,8
903,28086,1,142723,1,1341,1341,0,1341,327.9681322,1,1919,158500,1996,1
904,1948372,-1,224120,0,0,0,1844,1844,0,1,1999,,,0
905,1950865,1,65307,2,2080,1040,0,2080,275.8446645,1,1931,140000,1994,1
906,1952152,1,263656,2,5576,2788,0,5576,173.929673,1,1971,332000,1991,1
907,1952381,1,323582,1,2210,2210,0,2210,248.0932171,1,1975,334000,1990,1
908,1952402,1,202242,2,2768,1384,0,2768,325.5883408,1,1977,260000,1993,1
909,28699,24,0,1,922,922,0,922,261.3485413,1,1952,191750,2010.5,16
910,231836,1,120070,1,1864,1864,0,1864,299.187787,2,1981,,,1
911,231846,1,252000,1,1376,1376,0,1376,335.9504845,1,1969,405000,2002,1
912,231847,1,48625,1,1704,1704,0,1704,293.3780335,1,1969,,,1
913,28715,5,470177,0,0,0,16266,11022,0,2,1927,,,12
914,1952631,1,356740,1,3334,3334,0,3334,258.2599851,1,1979,,,1
915,1952780,1,38656,1,876,876,0,876,326.9083072,1,1921,123500,2011,1
916,1953498,1,31975,1,1212,1212,0,1212,286.227994,1,1969,225000,2009,1
917,1953505,1,107671,1,1560,1560,0,1560,241.5208336,1,1968,240000,2003,1
918,1954091,1,242876,1,2063,2063,0,2063,207.7588031,1,1986,280000,1990,1
919,1954093,1,401524,1,2063,2063,0,2063,207.7588031,1,1986,687500,2002,1
920,1954611,1,127278,1,2756,2756,0,2756,214.2546288,1,1976,365000,1998,1
921,1956046,1,68103,1,1256,1256,0,1256,182.3534968,1,1952,,,1
922,1956192,1,154871,1,1487,1487,0,1487,162.6052518,1,1950,285000,2002,1
923,1956334,1,155000,1,660,660,0,660,300.7239994,1,1950,,,1
924,1956349,1,56234,1,637,637,0,637,309.8761274,1,1950,140000,2002,1
925,1956336,1,85216,1,1487,1487,0,1487,148.1750055,1,1940,,,1
926,1956634,1,37195,1,630,630,0,630,312.7965937,1,1950,47500,1989,1
927,1956656,7,37195,0,0,0,1660,1660,0,1,1954,,,10
928,1956880,1,17894,1,754,754,0,754,270.2666229,1,1958,,,1
929,1957791,1,175099,1,912,912,0,912,230.7820234,1,1947,165000,2009,1
930,1958582,1,100764,1,1314,1314,0,1314,174.5009157,1,1937,,,1
931,1958407,1,15413,1,1423,1423,0,1423,165.3816755,1,1937,,,1
932,1958645,1,117014,1,768,768,0,768,289.7300375,1,1962,160000,2000,1
933,1958647,1,28364,1,1056,1056,0,1056,226.8208948,1,1972,,,1
934,1958854,1,270500,1,1640,1640,0,1640,155.6475297,1,1986,584000,2005,1
935,1958861,1,273391,1,2345,2345,0,2345,127.9213031,1,1972,190000,1994,1
936,1959152,1,97526,1,1320,1320,0,1320,178.4562561,1,1978,122000,1996,1
937,1959294,1,89514,1,728,728,0,728,301.4087114,1,1953,120000,1999,1
938,1959447,1,55679,1,1384,1384,0,1384,154.3471174,1,1927,,,1
939,1959547,-1,97510,0,0,0,1526,1526,0,1,1930,,,0
940,1959768,1,25121,1,944,944,0,944,245.826353,1,1962,,,1
941,1960257,1,140302,1,1240,1240,0,1240,186.6511384,1,1981,,,1
942,1960481,1,168562,1,2174,2174,0,2174,327.9367163,1,1978,,,1
943,1960613,1,231046,1,1088,1088,0,1088,504.8918964,1,1975,268000,1992,1
944,30018,1,34759,1,2496,2496,0,2496,170.247181,2,1918,,,1
945,232334,1,392443,1,2105,2105,0,2105,297.7238895,2,2005,,,1
946,1960963,1,127616,1,4182,4182,0,4182,228.9168227,1,1998,,,1
947,1961045,1,389578,1,3411,3411,0,3411,233.7111689,1,2000,,,1
949,1961150,1,276020,1,1152,1152,0,1152,380.9501808,1,1979,650000,2004,1
950,1961166,1,460033,1,1152,1152,0,1152,379.8647703,1,1974,875000,2004,1
951,30043,1,389200,1,1136,1136,0,1136,370.8495099,1,1931,350000,2011,1
952,232389,1,275800,1,1271,1271,0,1271,355.2251767,1,1972,570000,2007,1
953,232409,1,170516,1,1785,1785,0,1785,285.9542128,1,1972,650000,2013,1
954,30063,2,395791,11,7786,707.9090909,0,7787,669.0394538,2,1960,712500,2012,3
955,1961456,1,27597,1,1534,1534,0,1534,307.283426,1,1948,,,1
956,30089,2,189065,3,2628,876.3333333,0,2629,525.0056215,1,1952,,,3
957,1961719,1,179679,1,2131,2131,0,2131,260.2801434,1,1980,215000,2005,1
958,1961876,1,34574,1,712,712,0,712,553.4212814,1,1973,36745,2001,1
959,1962333,1,3874,1,470,470,0,470,711.0431454,1,1935,,,1
960,1962984,1,41301,1,1220,1220,0,1220,353.4345646,1,1967,,,1
961,1962988,1,955087,2,5880,2940,0,5880,235.9842058,1,2003,1300000,2009,1
962,1963000,1,270500,1,1074,1074,0,1074,386.7783924,1,1962,570000,2006,1
963,1963003,1,32928,1,1090,1090,0,1090,380.8707284,1,1953,,,1
964,1963004,1,230250,1,1947,1947,0,1947,261.6266919,1,1953,272000,1997,1
965,1963181,1,300837,1,3163,3163,0,3163,230.0918212,1,1992,,,1
966,1964210,1,300068,1,4220,4220,0,4220,216.5039479,1,1990,420000,1995,1
967,1964226,1,463941,1,3003,3003,0,3003,201.0269935,1,1917,525000,1992,1
968,1964526,1,347187,1,4596,4596,0,4596,132.2431877,1,1987,,,1
969,1964687,1,144033,1,1585,1585,0,1585,261.6873099,1,1951,,,1
970,1964668,1,278196,1,1380,1380,0,1380,288.0407043,1,1964,490000,2007,1
971,1964694,1,69896,3,5904,1968,0,5904,232.4153081,1,1964,,,1
972,1964876,1,241338,1,2226,2226,0,2226,174.4307498,1,1983,,,1
973,1964850,1,173365,1,3123,3123,0,3123,153.1106904,1,1971,,,1
974,232563,1,319418,1,1728,1728,0,1728,352.2658908,1,1974,441000,2008,1
975,1992688,1,16936,1,864,864,0,864,755.87608,1,1962,,,1
976,1965515,1,91137,1,1104,1104,0,1104,391.8260799,1,1973,,,1
977,1965555,1,159772,1,1440,1440,0,1440,195.1289963,1,1950,160000,1992,1
978,1965639,1,15596,1,696,696,0,696,339.8550888,1,1961,,,1
979,1965679,1,172250,1,1364,1364,0,1364,201.4053258,1,1941,250000,2003,1
980,1965668,1,0,1,1142,1142,0,0,0,1,1950,265000,2013,1
981,1965800,1,188392,1,2430,2430,0,2430,133.3280207,1,1938,231000,2000,1
982,30657,2,41218,1,2123,2123,0,2123,340.5751814,2,1926,278182,2003,3
983,1966714,1,170500,1,1077,1077,0,1077,240.3018421,1,1959,290000,2013,1
984,1966733,1,0,1,1662,1662,0,1662,191.6544664,1,2001,,,1
985,1966746,1,111593,1,1206,1206,0,1206,221.4174415,1,1960,150000,1997,1
986,1966753,1,52782,1,884,884,0,884,279.0357977,1,1955,,,1
987,1967100,1,204605,1,1174,1174,0,1174,224.8366441,1,1952,,,1
988,1967223,1,178513,1,1480,1480,0,1480,192.0534283,1,1954,,,1
989,30706,1,242378,1,1563,1563,0,1563,464.3754516,1,1925,274500,1996,1
990,1967652,1,200000,2,2160,1080,0,2160,310.0723299,1,1940,485000,2005,1
991,1967675,1,117014,1,702,702,0,702,433.7415002,1,1930,177000,2000,1
992,1967703,1,35170,1,1116,1116,0,1116,301.9174831,1,1935,,,1
993,1967876,1,117250,1,708,708,0,708,431.1048827,1,1932,315000,2006,1
994,1967940,1,95598,1,1116,1116,0,1116,301.4729949,1,1932,,,1
996,1968296,7,256179,0,0,0,3588,3588,0,1,1944,,,10
997,1968312,-1,92994,0,0,0,4620,4620,0,1,1922,,,0
998,1968346,-1,159034,0,0,0,8394,5700,0,1,1985,,,0
999,1968535,1,438250,1,3463,3463,0,3463,140.9687923,1,1995,,,1
1000,1968538,1,183305,1,2033,2033,0,2033,162.1497341,1,1987,863000,2013,1
1001,1968865,1,44546,1,1152,1152,0,1152,230.4075629,1,1974,,,1
1002,232607,1,267945,1,2039,2039,0,2039,321.3836332,1,1973,673000,2007,1
1003,232615,1,257157,1,2300,2300,0,2300,303.5274463,1,1975,279000,1994,1
1004,232618,1,350896,1,2368,2368,0,2368,309.5751843,2,1975,600000,2012,1
1005,30833,1,170121,1,1499,1499,0,1499,369.3534643,1,1924,185000,1994,1
1006,30851,1,136423,1,1841,1841,0,1841,337.6424416,2,1927,225000,1999,1
1007,2020242,1,238750,2,2344,1172,0,2344,343.6771042,1,1967,273000,2011,1
1008,1968833,1,40221,1,1655,1655.200203,0,1655.200203,256.4554755,1,1964,,,1
1009,1968912,1,274033,2,5256,2628,0,5256,206.0583091,1,1987,290000,1989,1
1010,1968892,1,198873,1,1158,1158,0,1158,326.826077,1,1972,237000,1990,1
1011,1968915,1,0,1,1607,1607,0,1607,262.411022,1,1974,,,1